id,x,y,luminosity_counts,xx,yy,xy,area_pixel
1,178.899121470468,9.87179621619586,39.2383855957932,9.67205739527253,9.59815513076657,0.180059027640293,511
2,350.112414114232,9.20852160752982,100.184781580078,12.5337158482886,13.5948068739442,-1.71013071356758,833
3,1299.00814439372,4.62937664388775,50.4687234267462,14.5292395717373,11.6658318043193,-0.623761266203909,701
4,1699.65439502492,3.92104668536386,65.9566704138626,13.9750952570306,14.5779898564657,1.63598830744479,496
5,3750.07745834555,6.8987377520085,74.2223597726115,13.3433173872172,11.3756525359074,-0.0969152669367538,637
6,3408.1553252132,33.4298003064768,290.772123906107,17.5560241243254,13.8338884566346,-2.1521750778715,2815
7,829.42020941353,28.4796522990757,45.3223206590813,8.38167394205949,7.89720415408103,0.270105756913189,697
8,2752.76232788708,64.1274984845144,906.338266094389,14.5319552576562,18.3224203910407,2.21282722217714,4473
9,1790.31724650606,49.2967269519503,87.3758442484851,15.2064005993084,14.9400606967689,2.46074751468643,1008
10,3846.67994242469,53.6205501770061,133.174412642262,15.9754942996574,13.2053521612761,-0.123376801328863,1606
11,2280.68664195401,63.3246436078768,186.112457412955,17.0716681104576,18.628637347647,-2.05577595744242,1703
12,1054.33533090454,71.9695311273795,78.2567130330331,12.9790608822985,17.9615884275279,-0.81106611314805,948
13,709.650289267296,71.7087938679887,65.7915697621549,11.1990047963162,12.0726579871364,-0.256860836033089,798
14,184.412232645042,86.841079450529,104.785924443659,19.8171542308959,15.0640269557935,4.38208137679706,1211
15,2527.11484231847,109.469926799807,147.840033875859,13.8595817060069,16.8203761966582,-0.100186390861956,1767
16,2261.6508968595,101.43257535792,34.149525444729,7.67272126402905,8.21867509787533,0.371691415650675,693
17,2922.72198159594,130.48547520361,55.9145055201238,13.2979572866788,14.7867332957441,0.710048834595197,714
18,3785.57525932758,149.51995334133,55.083536390291,12.0942071175403,11.4101077245844,0.356091553508946,990
19,2465.33311034826,150.289583719628,87.9174117351577,13.8562484183747,14.1969737510737,-0.525508543795479,935
20,2693.60081589666,161.713827189689,71.1821723247078,13.9889169007475,14.4721264394903,-0.103313928054379,1010
21,710.780795759887,180.951266800063,49.3372859795238,13.6994310432081,11.4054206625233,0.495554512836026,710
22,1492.14605531253,183.015844424029,76.9440706332036,12.2419408494325,12.8383350594738,-0.288314990465789,1031
23,3346.16803865448,203.145645388805,386.643860739838,13.6798970020797,22.9335577688758,0.319264086098538,2934
24,828.369264088795,197.617819854575,119.481924247517,16.4437675001479,17.3453159508553,-1.52991130660457,1316
25,1209.76407749194,192.876885012333,43.2812526156276,9.37995217291894,10.6897492657545,-0.596812389468,608
26,2608.64360848612,216.056890056397,144.64791047162,13.2344410464918,15.9797255891494,-2.77708247918215,1625
27,1631.27382363635,204.038107420029,516.3365816437,18.1345668307565,16.1725114970886,-1.10462799287288,3149
28,761.388318354369,233.713847723144,495.643297453571,16.8454439501185,16.0950570701671,1.79808898765116,2991
29,1192.09413171753,235.658318893502,74.3841812706141,15.9718660256273,34.925530723954,7.55934999276199,826
30,260.874572057831,254.441939542253,353.118527722189,14.1406308972828,15.9232145110408,0.0936252196928939,2389
31,1590.12128733877,260.666319859518,38.7488473907426,8.24992731975473,8.18829506474474,0.39230256145014,757
32,1085.33987010095,270.698767762966,77.5064593600755,13.2364486880205,22.1816362867248,0.82776908990675,1088
33,564.697967195698,270.031640329988,56.2120411395254,15.2388423654149,15.4266656794849,-2.80900900950952,760
34,326.20898171895,275.677582527412,70.2722197210354,11.9726912020927,14.3296639681965,0.308734407152705,887
35,2083.83759180738,297.057437572985,115.836768460064,13.7905138666872,18.6272046785979,4.15404211249764,1209
36,3845.38070652224,291.953109162424,338.685958217175,18.2268445933603,12.9620956590216,-0.518501142994491,2213
37,4023.67698693,336.024119392546,5993.7733821799,16.9759104035658,20.8686870826061,0.678972717765003,14933
38,446.532047426974,317.881324156008,180.052990300936,16.2799990954688,22.2407919228835,3.83525907451354,2448
39,1266.5471387916,315.225106620002,119.103081335747,15.8084904434059,11.9729206241621,1.31764090641759,1251
40,3655.76687256985,348.060800260713,40.1659078741417,7.21482962480812,7.47291824064673,0.0315291225639175,492
41,1791.04973941653,371.112232570831,39.2283090182941,9.16876478685833,10.1755070429722,-0.550442783196567,583
42,2938.66672125114,374.71568892968,73.7301155843215,13.9659979548218,15.4467670262647,0.481580236550582,855
43,1508.44845350445,384.833053004654,291.456065436461,14.359085883231,14.630738613821,-0.175624802789813,1917
44,273.38165945033,416.835504660892,639.032832994999,14.6427913608621,17.5412920524583,1.66579393615748,3355
45,615.546315464634,399.109401809719,37.0653907448559,7.48239861487674,7.69617057812827,0.188776905975483,488
46,126.550708688183,402.189483668442,47.1514898110787,12.5594810249342,11.7689452423283,1.89217490564643,628
47,1100.28701122924,422.41549890104,576.296785701445,15.2511571824662,21.033471708159,0.419793186016827,3423
48,891.980805475331,440.538835524937,83.5429691754398,17.3523179149792,13.66222895198,-2.69457939575366,1204
49,1688.24243169402,431.208224252088,91.7923500708221,14.1634980296234,16.6449349889116,1.30928013703329,1054
50,3563.12073111372,451.936997822564,109.799596628216,17.76575309358,16.5316595806472,-1.21595961493016,1561
51,698.451703827891,455.411751178934,93.1838241736086,15.4531588377532,12.9095636354925,-0.205567779300876,996
52,2841.77444573078,454.751832498143,51.3987763196529,12.4622417327059,12.8640741430698,-0.0502129732482532,636
53,2304.1718987499,466.893648025247,77.977360475149,14.2874289088625,19.3946382235885,-0.59304832889478,885
54,1036.66087747837,529.624906763611,760.853230616427,17.2685466617369,16.1634626330988,-0.143163206789625,3758
55,3152.32821078246,514.922547160166,147.009109052918,15.9253091392302,15.7171789501605,1.61097701343827,1374
56,3746.86331018247,525.706678507009,453.464437492832,19.7366225488435,18.5248861545324,-1.81059310295916,3012
57,1513.03012850221,533.383164402294,210.111392576992,17.3515874603129,15.818343001641,-1.79809804254232,3228
58,524.245806478519,536.510461240569,66.8107204011406,16.8375321222488,13.7171227395252,-1.86456628318747,877
59,2690.88970286537,557.209013805667,65.258548112768,11.4778354224458,20.7700564106611,1.20050358392283,1051
60,2473.60285729735,563.174927916388,127.78148742572,15.3610616842912,11.2392490140096,-1.1532538274676,1279
61,2069.51362676579,568.209522348321,78.9238641484491,13.7805894397751,13.8477970727286,0.486128404382811,903
62,3479.7939558914,587.850060357066,208.423758455066,14.0610487394808,14.83137293593,-0.780729455555542,2149
63,1388.12865023083,580.599019703973,201.461491967143,14.7365517617306,14.1742947469085,-0.426623810398526,1735
64,3582.04916418052,590.706787049794,65.1463409805674,16.7962771103222,12.1770710425409,0.906204886732895,834
65,1822.94255492516,568.124834227389,125.431258946895,14.4499321456453,14.5127678266337,0.202705223495744,2564
66,2083.8994588999,599.170657413674,37.6094042397466,9.1741504267948,8.73661752308106,-0.52216610219959,533
67,2155.35465721717,605.9225081223,43.792933935538,9.22999873348813,8.02249878661895,0.271484310457157,567
68,1442.95251535741,610.754304312896,42.5324442818187,8.60291658900463,8.38139524894944,0.191783982282513,1229
69,2233.23534056479,615.823563742369,94.6903540334358,16.4739301823101,15.6139067088175,0.801601739769923,1187
70,3386.80624083456,619.121447886172,133.362869240755,17.7406181068381,18.0318173616875,4.20219129469788,1448
71,1709.60795253094,623.611595360668,95.9073443573674,14.422373928789,13.0255686667246,-1.39967858318414,1039
72,3644.14648621871,640.892505676223,105.950665443835,13.2162149021557,11.3075464200012,-1.42746705886969,1058
73,2000.98860655909,645.096883184504,53.4554914393372,11.9720136588878,13.0532808081827,-1.33058941913874,706
74,1437.95450012553,657.939983472838,152.955128625903,14.9884098603888,14.9131263809908,-0.12423132856061,1391
75,143.975035556715,672.846636393726,301.688466863752,19.1673365058051,14.0005250062096,1.00428832748792,2155
76,4186.92624914698,691.98961500082,79.3962467453659,18.9403864692576,15.5628080000456,-5.24070306195069,825
77,2911.67574600791,674.018375572227,4818.88236060343,22.0571422074984,23.2660964286664,-3.8016731736477,17539
78,743.650286680332,710.193057096983,87.2832583669324,12.6044824757496,12.0353537749974,-0.161958908969624,1448
79,3567.84022040365,708.557537618032,33.2507150699066,7.92211876389947,7.22041125546062,-0.491682697784261,489
80,3264.05365838568,713.62843084357,42.0920962640532,10.0588848571641,8.35526240128715,0.341659894672085,591
81,4001.44128212327,718.996593671049,43.6183435100079,11.4773259394592,9.01377165580708,-1.01988769245092,575
82,2278.89412367383,743.768151271061,64.3687686393837,13.1844831822654,11.560841822523,-0.778792780707002,753
83,2613.97974006941,754.78763002808,239.079078097398,18.4760925450713,18.542037167283,-1.81273862762139,2031
84,178.467121454176,766.498942933337,475.238586451858,17.0219305147602,15.6296829136839,-0.134401711046391,2820
85,27.9774332835015,777.603139460278,28.1102079354678,11.0944736754201,13.0129218383716,-0.789429213842293,1155
86,1688.92858257841,783.754468129741,62.3956502122328,16.0571532690871,11.7056035039451,1.89037212441565,821
87,292.947991140295,784.298130970707,91.5243344070753,14.677510063867,15.6096128680845,-0.279361215778826,1072
88,1979.16625946476,788.119596414485,198.369494541026,13.8936029916552,17.3723644162884,0.253389170125517,1734
89,1043.86559638121,783.519935089493,322.460230421315,18.5186340373794,19.8954024248839,-2.41896695296369,2576
90,4027.15662037571,807.823279638079,65.0157540545109,10.8341553884013,14.2525166465989,-0.906823174210481,847
91,2281.31040773501,817.300051436639,44.1834737327042,10.1696529958995,9.85512904926965,0.948033820643869,608
92,3115.32051022437,821.867953785289,48.0067897619992,14.59014504809,13.0313590203216,-1.5688038757694,731
93,1608.3239860245,809.223751969886,47.173810835081,9.065262171484,9.34208659104554,1.89166092938412,956
94,478.934768849528,849.241384853317,111.677099266616,13.8502524951169,13.5263607343605,0.684376954688447,1793
95,2502.33406947432,872.946148147005,38.9784711455031,7.95434482108447,7.29888155979491,-0.198770167257211,651
96,3131.66610580143,918.910156612057,897.374439304549,13.7288557140757,21.2164036804337,-1.05744223742329,4113
97,857.255595664906,927.827325803886,52.6215736775312,13.4267281785696,15.2904826859959,-2.89702399563272,728
98,178.906342523966,932.965464638836,44.7405124092616,10.0507367943828,9.02304643355603,0.120238690962927,575
99,4080.94537487867,947.90801253475,37.9403337422012,8.76203218840054,10.740377030118,-0.206217375836045,556
100,2287.48793593567,981.423315463293,496.678215829641,19.2135548188962,15.2793392296347,3.39622534804331,2984
101,248.821923138259,978.580553110661,NA,9.25162543151479,5.9849599940031,2.08749454676905,772
102,1406.37931877504,979.438677934956,37.2648767013621,8.53969323655539,8.52709093692247,0.410010205385946,553
103,1101.04628424051,1002.3024374272,185.521238018541,186.45295263489,452.010676545723,263.029589167861,2117
104,3451.57795579806,998.38658108195,73.9592111944476,15.0727651559221,16.7698381110321,1.83501440315098,1091
105,3146.56142563835,1000.07379064092,42.0464086371465,11.1273415134251,10.6930406371203,-2.13342655559905,578
106,283.245731451048,1031.84122882109,126.602581193179,20.1916716879432,13.4177965685846,-1.93257012523414,1402
107,3421.45905771525,1048.85339348307,122.350360248215,14.7448487349931,22.2767840107113,3.9457029915303,2659
108,67.6897939451824,1062.33451925805,152.682919502628,16.9504105976351,15.4725019992398,-2.72716934986218,1500
109,2279.68488255687,1098.45481324489,457.085787957985,15.1802156364515,14.2126958588008,-0.114365429416405,4684
110,1658.23717807578,1113.06784192625,90.2596358293653,15.8849698708247,15.3711229242426,1.32654690036432,1027
111,1229.86052459546,1121.03527650112,45.0566701607054,8.25242718179315,7.07504929301118,0.103757733962756,524
112,2030.0723704992,1140.44343046588,55.5016574422913,12.344717247518,11.6045714993214,-1.00978350611206,2038
113,3539.37794405941,1140.33746811777,854.758386901929,15.8961038800531,14.841797977004,-0.768158192413831,3572
114,2408.63370599291,1154.17403654255,179.667533169942,14.1371225938699,23.0793651834588,-3.33022445792731,1696
115,264.377509924117,1159.96600010116,52.2322474070788,12.1099278120913,12.6894134544221,1.75542959265827,967
116,585.376500691572,1162.23986945848,64.8550173421197,14.6299267046102,13.6719053075389,0.678659728233749,784
117,1443.67614245949,1165.19885249881,49.6309493737126,8.40342656760081,8.38348276643844,0.136711064667599,612
118,861.864348571972,1190.84764246751,304.258936844075,14.2194869854963,15.0333087419835,0.198073092897577,1986
119,733.765510392711,1200.62564369395,449.522844378837,12.3931810544772,18.3154954704305,-0.120263755447588,2911
120,1684.78588476033,1215.99632319443,809.210693501111,15.8864139939285,23.5874023983829,4.36720101097092,4226
121,585.766494678708,1212.04971754405,80.0800032935645,13.3762723151897,14.9828939922762,0.304037290244301,915
122,1470.92631213063,1215.00116846764,68.017465731514,12.9083457359978,17.5125928340013,-0.553389273764503,1803
123,1857.88021781684,1227.13011971572,108.953387755009,15.5510550908981,19.390700069652,-1.69032577381835,1263
124,3230.17302939543,1237.93049765578,310.688327462936,13.8850126814451,14.3527041034423,-1.3710616225418,2036
125,48.3941111191982,1252.03942254155,136.98570591316,16.5915034459422,29.5345347893654,-3.83168423663403,1404
126,4033.15413258471,1271.83698118113,53.23190056088,9.48303889867873,8.99309511792948,-0.00223571504675749,1150
127,1150.73641121552,1277.44374289148,53.0333648011654,12.1120967124288,11.4580130374967,-0.45889280599943,717
128,850.080695439708,1289.92570101468,47.3660688784603,14.1282001732249,12.9429421677193,0.387969490519645,663
129,3555.98911847019,1293.34597859737,100.011246501165,18.4776368279216,13.4583525259304,-0.814924170239888,1181
130,3964.47894279691,1276.83373978531,444.041896806259,19.4565891251565,14.4332186013568,-1.1317387780732,3735
131,4054.01727844305,1297.18441717422,35.7832294165551,8.66177624480455,8.57432097128692,-0.69543411364546,560
132,1617.9811370187,1307.25550366711,106.948489205584,18.2885332956595,17.1398648896505,-1.01391021029603,1159
133,2135.83282790207,1306.74912629552,80.7421559235592,16.8559438434343,16.2172412387819,-1.56582225566849,963
134,658.473620140609,1328.30898192541,287.423021865092,13.981458128399,14.0387093297301,-0.421850238648323,2060
135,159.975653222343,1327.78679110184,122.895869923579,12.9292419413442,17.9552822965947,-3.76637899581744,1375
136,2920.33582897397,1327.18915351281,49.6742288288429,10.7804088031008,9.42101394310497,-0.11719887049417,586
137,1323.03782011065,1339.21799392761,61.196971730731,24.0630223296634,10.7371662752419,5.46637246514132,821
138,3280.57730971455,1339.07170107768,69.1030729411052,12.3904817630175,13.0928556348448,-0.454104473363862,808
139,1833.16289787709,1339.89575568041,47.3432425387295,12.9620719747606,12.185646888237,0.637573529453245,664
140,1929.67075402484,1339.14269320625,37.6720644314225,7.51070529594509,7.29232433294509,-0.180635122757819,528
141,3642.48805765893,1382.92273621526,2001.17513537162,18.6615863707134,18.8591484903032,-2.99536213195561,7545
142,3981.09197561117,1357.4530257446,49.1376789532355,9.23582718740984,10.2568048666311,-0.486015071822575,618
143,3180.93176348904,1358.21094941272,71.6525331198094,18.686262342172,15.9970342191787,0.052304813309372,1182
144,996.646965594144,1375.40606789714,143.426596938907,16.7961240431621,13.8423153594029,-0.681732734868036,1297
145,2620.09403818673,1379.98517777396,90.0048636098522,16.1899333316646,11.8002349608641,-1.47172143283795,1011
146,2046.40435449763,1400.1786622575,91.984605914673,18.8164354278324,26.4543177065145,2.50979510863861,1049
147,3722.54072895047,1396.16950098957,35.9710573996031,7.71497554568033,7.8938079590311,-0.0178792625852172,834
148,875.6368978717,1403.26417168896,57.2045314552583,7.8966739029401,7.84774732665024,0.149547957022493,599
149,214.878354338335,1418.31627929462,351.721705974389,12.6159995315446,15.7316154794883,-0.0833511884548932,2156
150,69.0021025418056,1420.98166964084,48.8443394838184,10.0112647526693,9.34556848191945,0.351458882550353,689
151,1229.47593252851,1427.72247069207,NA,8.72200420484438,9.91472399598126,-3.46705894164053,893
152,2707.54135996793,1427.2172314939,52.2809560921169,11.9265564293832,11.4272418628241,0.173752356499149,840
153,619.487300355193,1434.82224639966,2017.88302461163,24.5344933668338,19.348018953463,-3.41444212710599,10174
154,2375.81805328204,1468.84708654106,271.792388206919,12.6941786245505,18.193218247046,-0.0849601373365322,3733
155,3766.80779128827,1470.47130283818,157.967367459239,15.7037352941293,19.4464393394262,1.59035111702556,1657
156,3335.1447629574,1471.71283112452,120.206527487395,14.3059024703309,14.7973824624646,-1.11202446178174,1648
157,778.010242724346,1486.94291572636,88.8368474957545,15.3835969506387,15.3849114617743,0.415933690708914,976
158,2719.69383004255,1501.87090156395,51.2891847661431,7.47915142704643,7.61213749289241,-0.564059911518832,640
159,1684.36558315216,1519.52385076082,894.064148512931,16.9177077803059,17.3889003609943,-0.0708494450169404,5045
160,246.787935417184,1538.32973165188,377.997225727024,19.6110866962032,19.4385539083518,3.1375461417257,3724
161,3447.28153151127,1535.34080703021,160.141156027268,11.7205685814622,14.8280445634621,-1.12092054240992,1664
162,714.288591304387,1537.71987875337,66.7557041344664,13.0247670834141,12.7848500663381,-0.411424951540028,786
163,4085.43784774021,1542.84781104947,59.1219720750955,11.8504284262763,19.5192814603745,1.7190903286668,816
164,400.140194281564,1539.42234562287,80.5876941556376,15.7256075838463,13.1216716913694,-2.9452491047032,1167
165,3915.36510013264,1543.09228791224,53.1864874635663,14.7592062405029,11.9553162874631,-0.666226082055065,740
166,546.906758016307,1547.60907803919,46.2320787965582,9.81475508126205,7.41286965647166,0.414162248963409,596
167,3265.86900707138,1574.13740708338,3663.86407148629,22.0068086195536,18.2624781900264,4.58960582328662,11596
168,3142.58554057771,1568.60958735424,53.63279295444,12.4888727094671,12.1739316974712,-0.837723261162415,750
169,127.262697034911,1588.377025989,102.237948572147,16.5295544042043,13.2360263399521,0.879493531846715,1081
170,1195.11050960591,1591.02868955759,49.5490470111261,10.1718223691449,12.7082867255922,-0.342737444739907,830
171,953.574390652052,1603.39057672453,245.77198979183,16.8520418979888,19.8616213146526,-1.61780994990076,2314
172,584.417868394402,1615.2583029659,52.1750677747004,9.20250768645606,9.57017288933876,0.186589760868105,672
173,646.176340151372,1663.53111608459,2686.65163330617,15.7868443654283,18.7651670062122,-0.952732615780187,8366
174,3147.59454304872,1637.02657576957,118.46457361305,15.0329817089044,15.8753675162384,-0.693613994072753,1185
175,3539.57540055768,1656.99101157406,50.9118790374949,11.2360489640789,10.1639928707491,-0.034713638582134,684
176,1512.18142660286,1692.81057909599,1400.32841861754,18.2878641026445,18.2610789073367,1.43690335637085,7018
177,2864.83014203789,1683.54436439818,53.5097401183436,9.98670248439842,15.0099236698024,0.15761941322642,1232
178,2120.16061780651,1669.36860078832,52.4926648079081,16.1555351136074,11.0784621654467,-1.8193752514458,684
179,1405.23641895954,1670.21894330139,58.6962130544546,13.1748488389825,10.5817846941706,0.0771786089813315,712
180,1354.92013197015,1691.43035955462,39.9060277897848,8.6250296511645,8.65891977205846,-0.232708016403425,544
181,1969.78465601812,1701.66440914945,77.8376823377789,12.4392709079757,19.2139768640005,-0.487311563350942,979
182,2070.18057678367,1698.4239117671,53.860773155075,14.7477856422924,17.9751689728031,5.25230723065027,730
183,336.109103302762,1696.21686928903,60.3511829466962,12.9789098986159,11.4610504019245,0.593255153916306,841
184,3638.42972140963,1716.19195286118,87.3980413538743,11.841494030435,14.2952597764257,-0.738053328350918,1278
185,41.2491893017999,1713.83825974891,268.625030869116,13.6266929516387,13.6811059804999,-1.38574702754183,1804
186,947.414562692662,1715.15022604619,67.969728976414,14.1815403893592,15.779004399171,2.63196323712541,847
187,2801.16208337497,1726.71380020209,504.067815796065,16.5616788699669,16.6507219966579,-0.583651665037599,3008
188,1271.34742792806,1734.96457683763,308.192845300495,15.1338627578711,15.7861974406044,-0.0608376520756307,2519
189,1710.63958172392,1753.36516896325,50.2713809256434,13.7873103932966,14.2571024434786,-1.59122551240877,871
190,1824.24590374837,1762.69339218703,62.1878793775206,11.8875617114068,12.084043117159,-0.053145804526747,731
191,1174.08262866734,1774.5252377078,1281.08828936721,17.642556727362,13.7287393770178,1.27943158005353,4959
192,4077.77953610227,1772.91940685649,230.424309910649,16.3502896795101,15.6627119658368,0.76655915139543,1797
193,2442.41786824984,1772.77433129508,97.2867487597485,14.0470754029235,21.1160109809211,-2.57919204303304,1837
194,1011.86455871402,1812.05654113332,376.94144933753,32.6365740917101,19.8565609402018,-4.59648500601156,3400
195,884.285966878978,1795.6255592265,274.796673013916,14.4077015538853,12.9144189339944,0.462692444013529,1805
196,1271.28420440882,1795.11877453642,43.1822765276374,9.86813885316428,9.00200245589346,-0.292914704751648,575
197,1711.57135408281,1802.6371827728,193.793313689316,17.6985300718687,14.408627852249,-1.92936011728579,1643
198,1545.15429018648,1799.95353850783,45.9596804857183,10.1155717527017,12.8025169617032,-1.13084240547623,671
199,112.71812019708,1809.83031094758,36.7801579395144,8.57987242575462,7.4818179377077,0.625565992903536,546
200,719.087254193078,1816.93759409331,176.841904726765,19.072612470848,16.2138003546844,-2.02531095680127,1959
201,2018.49563973861,1818.04146909572,538.353696682985,20.0560562575411,14.8854143410551,-2.8141489776272,3682
202,622.964525545564,1830.54219385361,57.4512144867924,12.8343960533296,12.7388814903192,0.0607072633262328,694
203,2394.34819049144,1875.16074709863,246.076968373069,12.6727789966079,15.4949012002193,0.0819577677734822,1786
204,1728.87281543554,1867.05412276502,43.2890096808681,7.85369252456834,7.27049321956829,-0.159704089626457,555
205,1182.5338631434,1886.65503492736,241.019289521339,18.2398213418152,12.7514256707927,0.312039908084185,2089
206,2980.28603213616,1895.00772126056,76.5320246280122,14.6455646694698,15.0194003723014,0.327831272016698,1014
207,2338.57238454129,1902.61494079035,74.4504061394798,12.9246427201173,12.9394370747742,-0.194458959331953,938
208,2475.89798297611,1904.20591976153,42.8458741746526,10.2250843303157,11.1873776937559,-1.31053773664016,1397
209,1696.91144278383,1908.23354040039,43.7030559529995,10.8435509410414,9.86926839913567,-1.54088163002061,650
210,3972.1935690131,1913.19075309636,36.5448718533471,8.92850169184859,9.06336392001838,-0.185733579498328,563
211,2152.06712676014,1921.85303819567,54.6163395558026,14.6586310495377,12.0048807198623,0.368599461583611,1405
212,1324.0881511104,1933.68249198507,75.7447453413287,16.5866575484709,14.7433830228124,1.37238726383231,1041
213,3507.72139642165,1942.8912229982,143.419717059218,18.6191101722702,16.7652461717899,2.53285011615109,1398
214,38.7713815300075,1941.63574586895,52.8424114495329,7.97762406070931,7.50368024602119,-0.112670649996225,590
215,4133.20588068689,1949.0354493365,114.8965829694,14.284628743496,12.9482599801743,0.0903890625384145,1116
216,688.796656446112,1949.80631272211,37.7455938191038,7.61411202550157,6.76678928127659,-0.153587218825579,615
217,2877.13694943891,1957.48561290511,72.825698223775,19.2082174152004,13.4501864649585,-2.13431243134962,887
218,450.960493558533,1965.22656945539,38.959096644513,7.32193758279319,7.20627709139658,-0.51625625369997,503
219,3640.98123063605,1986.83868061539,50.6908233850923,12.5143382249756,11.7220271518639,-0.136282812229951,683
220,634.391034760566,2002.76792676946,97.6054488723626,43.5144977229773,28.2203514173358,20.2310561353983,1077
221,375.408148478482,2000.92671769387,60.941521204838,15.5815687592965,17.0222392924683,4.74057820786062,753
222,1711.3986014668,2015.50770076952,64.0458965170843,18.9514305855756,14.0612457291381,-3.10098197596528,2079
223,855.712817834344,2019.96922628982,100.180615856719,14.9675981347519,13.6159317646201,1.17086655401914,1039
224,2895.91527660391,2037.32018105781,46.1323857333646,10.2927876267223,13.7429249612411,-0.169390213297146,690
225,901.556217822554,2032.94391555822,63.138137716202,15.1421900721329,11.10781579167,-1.42659544356807,755
226,3516.86381890025,2044.73297967883,234.279865478644,15.6103675378898,13.9345722268101,-0.027359068070917,1721
227,2838.9736839576,2047.265598845,37.2462300290332,7.27876321009491,7.96867452117539,-0.222415857767294,503
228,1046.16921645797,2061.67065137848,112.875501077986,24.503815092189,16.8621143756006,3.40465809144593,1194
229,2289.19459847146,2051.01043994903,52.2784724367266,8.37781080061052,8.63660618913543,0.0126506931772354,604
230,2106.20091201206,2060.41691634131,86.707679219229,14.6440688555379,18.4311633371215,-1.05297479537678,1064
231,563.04343039939,2080.72678192111,125.03437928903,13.585170747987,18.461498854453,0.893607764886246,1412
232,3032.02168151686,2073.14264550254,50.4774832733891,12.954185534647,13.8440212188456,-0.985377030533078,718
233,200.162060233013,2077.47026119025,42.9745135960443,7.86985347351305,7.81612834474186,0.377787446830419,542
234,733.737705904733,2099.18440891657,76.6103034189661,20.1124124488974,11.0907165859656,-2.05694569643647,1176
235,682.533536401939,2118.31617184408,82.7338253787202,15.8126289928561,15.4504602266081,-0.474593779507298,1061
236,3078.47290479642,2116.29060036815,49.5725771726638,8.4059700144596,7.31780930295898,0.267382067743927,589
237,3485.30859215628,2123.32347845787,168.059824132405,14.4673039421939,16.0685834443209,0.690225631904211,1407
238,584.698577790067,2118.34736253293,81.3167396315904,16.6219360477104,14.1182693256887,-0.763297312073436,991
239,1894.43268682709,2127.48760174609,59.0475811720721,13.7201551120069,13.0366988597784,-0.682166029041756,746
240,4169.73189576954,2141.57534718854,51.4432953340308,7.38875599807749,7.17978775690953,-0.214402281867739,593
241,1768.68837740161,2145.79696286455,53.5397841329041,9.78242225424695,10.7334033400028,-0.0655852219486669,663
242,784.186262686626,2146.960857279,57.0093309643203,13.0456421196418,20.5400263339563,-0.781960660963053,794
243,110.081161737262,2196.22575402752,2453.94985860633,16.9149559666929,23.906202896103,-1.37623621113475,9627
244,2434.03134741487,2175.09382685829,66.1885776330887,12.8640085807037,12.6589239197299,-0.0392924575934249,1398
245,3809.88808038541,2176.01467500267,328.989773693505,20.1326738424605,22.0472118741305,7.7438436854921,2524
246,1899.79786960419,2166.0278066294,45.1402433587217,9.75779315124959,10.3475601604416,-0.527874977345266,603
247,748.525689213378,2167.59781593432,50.9377798608582,8.50905719804889,9.40432242766493,-0.11011791400001,893
248,1468.62832485902,2175.83401722372,133.934630901061,17.7048348959104,13.8541783940349,-0.117577295369576,1416
249,2312.70894992334,2182.66293064875,71.3814250666474,12.1193927895371,13.0461658463886,0.923353388421925,1134
250,4113.23059338227,2180.4970221644,36.1732196411961,8.01387390266316,7.59430394870258,0.256246626791169,502
251,2676.49759972559,2196.28024395078,142.537246933322,13.3121751708084,13.1020787398378,0.817799639090921,1280
252,3145.21201806062,2192.34159515067,100.988964822146,12.7358954883937,12.7512980149575,-0.0624711292690406,978
253,3243.93213084979,2195.03520146457,74.6522128167853,12.7758735256823,12.2127071965167,0.302093232074418,1028
254,3034.6076985099,2220.88812200116,38.5901790629596,8.91287493848543,7.91852586213204,-0.283470667804023,712
255,2416.33235973466,2234.27581749673,48.3920973291609,11.9525242595086,15.1953100794963,0.957496924607069,687
256,2531.8359856473,2235.07308697956,82.2311698154642,13.1078129860907,12.3183021931792,-0.179156633097573,886
257,1863.7646179385,2249.99496998688,94.6828980505282,17.1723154024976,16.3372808067705,-2.74796483488182,1130
258,680.645718067432,2288.85835938833,507.426513283746,17.6482637567202,18.20485278275,1.04673334798861,3333
259,3517.91481135783,2289.45326256294,54.8084153566078,11.6978498982313,14.3376202357859,-0.991792355602499,707
260,3983.02858138299,2316.37645678413,52.5307667329631,9.06096814013844,11.5812665700893,-0.408407361379489,801
261,590.217595531817,2320.417900928,60.3269621486165,13.4716427857003,14.0468702903249,0.0436879785631909,779
262,766.177365217061,2328.72797175688,403.594615460781,21.1514855449137,16.8210270990527,-4.54523452487532,2991
263,3944.4061501446,2328.40660618596,69.6284838925227,12.3751088604066,12.3983050708202,-0.860633941328199,829
264,3712.3162858512,2331.04724789956,55.7390889925791,11.4720807419636,11.1461970394606,-0.0430531403055119,684
265,2740.31728776771,2335.22441895432,55.9666539081559,13.105421575759,15.0068129711594,0.136364421942922,748
266,4192.44216358783,2334.09191553011,35.6375500960892,9.15902358847104,7.98631784157722,0.636429510269393,406
267,2269.4720831286,2351.91775073967,206.110019218264,24.8761720337463,14.1608632478915,-4.02820116115769,1946
268,2860.01814062085,2341.73415737578,48.513610848808,9.77424548756846,17.297731664785,-2.5242108914179,604
269,1129.88474351684,2346.0050846238,81.6122302797557,14.1108066161428,14.2711123554797,0.217950091455124,1024
270,1473.91149746236,2365.90067046945,141.590476632982,14.3071363796754,21.2462754773717,3.04706900502215,1852
271,106.422889273754,2371.53664500632,91.3668379595283,15.121077545546,14.4212818668721,0.320904947937745,1009
272,3988.60428647494,2369.69652461633,38.7188974455578,7.56827403835691,7.94020308488349,0.390118111669076,502
273,38.848819064907,2399.23389001857,73.5941464911228,12.5079977767834,19.0797865304466,2.00320740012737,882
274,1936.17064986661,2393.87085703018,50.0043036642077,10.6518741280683,8.47452427020186,-0.667594422245687,589
275,2883.46626131564,2420.72283726675,173.460767294064,18.172513277239,15.9120991847638,0.0702782154677477,2544
276,4042.47621819817,2443.19009570886,141.730541364506,14.2005222366692,15.9407081941136,-0.542160691632192,1347
277,1116.80558247689,2441.79104402636,109.788095132024,22.7034380603233,14.7752280504996,-1.84020608327834,1977
278,550.112601576045,2449.1540084938,NA,1689.68346167913,353.343991733033,310.336170962714,18147
279,753.742069580151,2456.41084525654,107.282608095618,13.822506948893,12.4694465033148,-2.18777157438996,1048
280,1849.0561020543,2451.8063322907,83.1171783318025,14.9485394128187,15.385898569754,-3.06505321076431,1138
281,1315.74794807464,2463.78186672218,78.7408743544624,14.6487192591928,15.3936600949942,-2.38920273879046,982
282,4178.9667240218,2458.87920625316,52.0744855347215,10.6221447923243,9.70456567347908,-0.850807183658115,648
283,1199.91889377377,2471.33786237873,93.6800814625251,15.1491110344635,15.1131001507638,-0.74487789507309,1031
284,132.362142629924,2482.68104719579,75.722255866043,16.4375525396079,16.7346154493342,1.82842500326982,892
285,2949.9533690883,2499.4708377908,130.521499371242,15.7901704051292,18.0453421378444,-2.89837937972905,1303
286,2288.74201877896,2498.98979758727,34.4659307829179,7.92501736821162,6.99891930504974,-0.000812446557879678,500
287,3732.95356281896,2502.71955566195,104.680382534343,18.8073719805585,15.5827417120141,-1.97840518897815,1235
288,1338.1475339776,2507.27532114562,66.204802838144,14.8163508037436,19.7193650271458,1.52278736626542,881
289,3332.5660950254,2520.89812863614,153.936638530855,15.8629262874534,17.6266747671724,2.60440973422883,1456
290,3604.88073027877,2512.44703363758,45.7461584199471,12.3905017032569,12.0648861574099,1.21466305317055,619
291,3124.27248720916,2523.93067443026,327.431680005873,18.5094378337999,14.5974386286985,1.81059757466576,9196
292,1681.86061506876,2529.55050462237,44.9245540207231,10.0381898577314,10.7553915446943,-0.437161962234951,755
293,1823.88069645581,2523.24414718145,92.5416072660339,13.5592993258779,14.1503571812975,-1.8612400833889,994
294,900.18889329158,2523.01374505135,43.0984509130235,7.9977024474551,8.78414396293628,-0.380443888117595,805
295,3936.47388590776,2566.81800304702,1067.37148124541,23.5083331159055,19.5234136879603,2.94909355900785,7329
296,338.494774925307,2550.46225012404,43.4190250399893,10.2784703622662,10.1256179174311,0.188459719153,600
297,268.312222846674,2558.0489583602,58.509935208459,12.2692717384794,13.2220655945423,-0.263459041791876,745
298,3255.59414245815,2563.78797488254,316.547394925606,20.7013707818491,26.37719200315,-5.69993635800055,2263
299,2984.92607933164,2580.5229191092,127.718401428529,14.8241387696151,14.5122950477715,0.507808471193802,1260
300,899.252020351882,2586.36111907121,132.867837012715,21.4594583338389,25.2688931442123,5.3221295511584,1383
301,1906.18998218727,2594.17091193012,79.9087969645968,12.8915482620948,12.6770027121047,-0.476614107809337,874
302,1567.08153148103,2600.6194361044,140.192895163687,14.6193104819954,15.2744181403459,0.369995843785872,1285
303,1098.38761254169,2615.43031516137,199.629472719357,14.9982105521361,18.1573701939964,-0.158910155234722,1874
304,2715.63739694682,2610.70020140867,96.1079842632457,19.1319983025175,12.4568642375263,1.82046462528046,1692
305,1747.27850505419,2626.52490254885,147.340903593908,13.4054426893975,14.1486612612406,-1.02257867448512,1320
306,2573.97749512159,2625.89320541949,45.0313438656523,13.074779918937,11.1435483266241,-0.918509348808812,616
307,359.54498577229,2646.50197802954,140.435514818886,16.3769460398026,11.7203227349657,-1.83212424229462,1244
308,3579.93281592836,2652.11762997072,178.726207507948,13.7862258317095,15.2381137118789,-0.356645445964048,1532
309,2334.56040900799,2651.26431012461,169.269215657294,16.0289753982029,29.8027321853108,-2.15556514412558,1421
310,1003.54465244482,2647.55120924234,49.6380171517808,11.9630854781344,10.2381958836376,-1.12934142572972,1080
311,796.751473047571,2650.75055074013,66.6548546331959,16.7680218987861,16.2821499417526,-0.315128194714089,893
312,3911.21933055081,2661.46770300676,41.0545413823543,8.63670860315335,9.36026214529404,0.495395988899246,553
313,2446.75608583895,2665.85141232331,40.1292545236106,10.1572492319154,8.64349508341104,0.0196442881229866,662
314,2086.57303794364,2686.9244944044,856.958918217439,19.4134544873811,22.2193834580939,-1.04446883437639,6246
315,3179.09675256131,2692.76198674968,186.702862937716,12.6059396104055,14.9319122861678,-0.54993776733625,1745
316,2887.51087852075,2689.94514722738,76.1690189470146,13.816419859576,13.027061871145,0.096848395274379,1000
317,2252.85221101745,2698.70656085387,109.092353905639,15.9366622603427,13.5296279590734,-2.10275127270854,1057
318,3606.51554357527,2700.85187734981,53.8880832671007,9.10591807418797,8.33427391229046,-0.797225599569863,732
319,49.3628794638526,2726.57188617109,82.6487834805607,13.6553651850535,16.4920395689044,2.88450425992683,993
320,722.078661837578,2727.63810946168,85.1207016456585,16.6730591853448,12.6944388551371,0.533577476162044,996
321,2843.46827864834,2730.4511783421,46.1740486076723,9.88903208925885,11.0386920473577,-1.93774565397791,663
322,1297.23063355192,2734.3487043458,51.3873276024792,16.703998623767,11.8884266339534,1.16075054829737,724
323,927.01457994142,2742.77630381464,54.4173305197269,14.2663312821403,14.4322198652144,1.166441530506,732
324,3606.50517786961,2752.65204855576,227.895286699927,20.1271167673598,17.9128369662727,4.21166335923596,2370
325,325.122389384596,2754.45061172564,569.226750340618,17.1130888080092,14.7086833732966,1.75472223782851,3399
326,693.459556610236,2769.95547857077,222.307249506078,12.8244325793849,18.5480775877805,-1.14427973957682,1890
327,4183.808445551,2799.92665340081,154.880467657374,12.5828699502035,17.1088016547817,-2.086670658833,1299
328,580.432852226163,2798.07236247871,84.8116361472352,11.4433903256754,15.1745858595258,0.0426813653854724,1021
329,815.709979180791,2798.7140592376,59.7975641768522,11.8854286164542,12.6233498461732,-1.80821649472577,703
330,3870.57185770852,2827.52189170383,813.589346953318,15.0154508180632,16.5976230517371,1.50899158172107,4336
331,518.508679386474,2810.22434052941,188.130980564199,21.3400760795973,99.0321248523949,-16.91405882254,1743
332,2839.10243760029,2827.89933820412,50.9156091038997,20.5896977384269,10.7334417382674,0.530578159932313,735
333,1622.71605369359,2834.81037213955,45.3926412032669,10.1480876529562,10.8830565800597,0.113491312505748,1286
334,874.005884791432,2845.95960988531,62.0923280110298,16.150814396729,14.1971602024606,-0.452448122826922,806
335,230.790953190923,2833.51202613856,154.681801726765,21.4125358438111,18.2509572865999,1.06814214107467,2183
336,1289.01536190929,2844.2043567507,33.8961089483018,7.81611644905456,7.50663096933714,-0.343098778326877,493
337,485.717700560546,2845.27645195706,50.5675595679101,9.28905055353193,9.32872735339848,0.381936169812548,627
338,2927.44320245044,2853.40425786283,92.7892400817195,15.3147299938568,16.8861855387047,-0.852507468808107,1343
339,1062.20483897986,2870.42174052618,47.3336743588505,12.50180891762,11.9719171720879,0.0841022677250978,644
340,3985.61999142864,2887.57348241016,113.056194430854,18.9883254249174,15.459097095375,4.4644691685689,1195
341,1842.68042022553,2887.01480512712,99.9061054688856,17.8222811038226,14.4033290543024,0.276031939449333,1325
342,841.950242542496,2934.63478893112,819.11037163611,22.8845118028868,16.9890278341287,-5.39036383558763,4685
343,1452.98009958758,2928.16193355595,125.251258053292,12.3367118695576,12.5326900000575,0.296504687078473,1602
344,1519.618564735,2922.67587486644,40.538096345337,8.27689517805163,8.17851206060121,-0.458919159783782,556
345,2450.14724519238,2934.4694805067,75.3358182518812,13.9167950434714,11.8337282955003,-0.41380888207906,887
346,334.329707702148,2929.58073017703,60.1902385542167,13.7008657384244,12.3044420335654,-1.05232199824432,702
347,1174.3586622777,2956.16933298199,36.7282708783871,7.04090813386628,7.67086390359421,0.189171267066292,513
348,3312.40563837973,2926.29021076707,105.820120580035,52.3345371336619,36.2815178690995,-27.3118311145945,3508
349,1991.79647245707,2978.10159589564,76.3193989519809,17.3917592353053,20.1806084877715,6.23778052161921,1004
350,42.9086028023911,2973.51951492749,82.1365676793526,19.7925566554966,13.563095019593,-0.526013398239983,1535
351,1189.77731907151,2989.38131994929,71.8888556686506,16.5880800075853,16.6735627581183,-1.07362451561702,860
352,3962.96724982064,2999.12579755453,277.103792926639,13.5413178007524,17.1409665865363,-1.54377243422977,1963
353,707.962165641355,2991.32342908798,92.3244910912604,14.4130526448558,12.3069839484954,-0.0923099709747134,911
354,2754.20321592363,2995.51214673588,58.386979356433,20.9263497472401,13.1015070183016,3.37359213454503,863
355,3337.16655315236,3006.19837994224,151.086553122607,14.2536022635809,14.7397745210251,-1.96252050384799,1343
356,927.726444163493,3018.80599170762,124.897317759131,13.7208000439072,20.5113655425652,1.21548947951568,1299
357,2617.78781328205,3015.05514299555,95.9740464188644,18.7494050596675,16.2758925274648,-2.87388661612322,1119
358,1271.72211722066,3026.94843764341,109.039575065823,15.8099676122052,12.3785783940835,-0.219512268370669,1230
359,1728.28795613236,3023.49622237888,53.4328815471429,12.794488507126,14.6061135498406,1.73678473486881,1116
360,2798.21713383233,3026.82037483883,105.394439223871,17.6013750037419,34.5158392788191,8.52020194350052,1047
361,1667.89633547951,3046.11058347772,68.5759158434842,12.6090172465081,12.9734072727485,-1.34706664230435,846
362,599.027848546325,3102.71058182623,53.1624412310159,12.205385454625,12.3010899297999,-0.0905915466422022,2696
363,4040.36397638888,3075.96372128575,85.6374095449963,12.6813194640477,12.2829363754091,0.700055084614267,899
364,327.191775286252,3085.77091173211,66.5060880374049,11.487073835448,17.1652369486297,1.12519289518576,833
365,630.813238523927,3082.21007881543,54.4015659214522,11.2414838067694,11.8868209041635,1.10912813063564,818
366,3800.1849439899,3108.13445665126,47.6208286725745,13.0493281778358,11.2973643025905,-0.0185968633638076,650
367,509.181050719726,3117.9273072902,131.880905242425,13.5297191709233,12.9700506412428,-0.146572006435515,1089
368,1533.41551055794,3150.18413652432,54.6939545867576,8.05368615999077,7.89090452513135,0.260522219819575,825
369,3781.74138797576,3137.64955137148,84.0535373674638,15.4616574546711,15.014135260363,-0.296933536276802,972
370,4161.96345409239,3152.15347159216,78.7705209825874,16.3005988776865,12.6178451630822,1.31772551519281,903
371,956.085032027228,3155.00640620853,49.120169894527,12.9522864859761,16.1809786677047,-1.42544598322881,666
372,3449.77534950055,3156.80978507175,62.6904923369851,13.4171082518988,12.2716387835255,-2.37872457321282,765
373,902.063415887787,3166.31110488458,39.7406310358171,11.3595290083592,8.39042887460122,0.935809510180924,709
374,2437.50120036878,3194.05493310066,45.8889101136119,8.84031357914024,9.39898984868069,-0.350195097095655,612
375,729.634707771895,3215.53089998017,58.8001701553966,13.5433705890758,15.9782443668321,0.726240884047965,1045
376,2760.87067051518,3212.14252450506,36.8782751202561,8.33005748055968,7.97645489347778,-0.0652590774075906,523
377,3197.66754841492,3214.42499115412,40.0335836098889,8.66978214584845,10.5484396753522,0.426599590639026,570
378,2904.96775872808,3223.3607946113,243.098718503123,20.1630997661107,14.6508782661618,-2.50585759437855,2012
379,1322.54872464916,3240.90757123172,73.7052864366132,12.3149034520156,11.4779691644507,-0.447681961503928,820
380,3740.61283588533,3238.4641557253,58.7505387391844,13.8609138952322,10.9441805044294,1.21721281405063,796
381,2683.21427612356,3246.7894562225,89.0632712237727,14.3984057689611,15.5112397672674,0.910566008872705,992
382,987.546289378025,3249.75857728681,106.153883806803,14.8629593105805,14.3743578851218,-3.01278466847514,1092
383,101.990254540492,3281.98756953952,361.886590475615,20.5913652851093,22.5995282526058,7.86657678746346,3214
384,714.731750392189,3265.23786214755,38.4303406770805,8.75972782099265,9.3449312947291,-1.11476220285976,599
385,1456.32993002426,3276.28557172702,55.9335049037018,15.9887736638634,13.7846833841397,-1.73273421384464,765
386,3798.17837205656,3303.32994374311,508.815485601066,22.6485326719653,15.7678415545279,3.72965171465482,3610
387,4010.52334411372,3342.30720484768,65.7799929909143,12.3788466906896,24.6921596618005,1.588932967988,818
388,1909.50370215852,3339.55029872626,102.209824039427,170.214091914856,20.9953463717701,-24.5312448155981,1145
389,3498.13340095169,3351.10448320397,58.9937082394961,15.807974447757,15.2139845334743,-1.10140673900868,843
390,3567.57249076965,3362.02540894536,1009.68910356989,17.9199793901625,14.7659755852864,2.547688542829,4309
391,3140.3565066335,3363.56033409257,117.330909473248,18.5931747138619,15.4828667974193,-0.0551346177659629,1138
392,1333.25485552028,3368.10268362054,46.8354505713762,10.0109980578271,10.3997091734141,0.135200486937983,635
393,1155.04420792944,3390.2100003324,48.962247728301,9.1923632215316,9.04271169842558,-0.213065094844299,605
394,3479.56582715853,3390.47123673235,41.768273421409,9.66424886864879,8.80396403702135,-0.007750953850259,560
395,4127.14597390826,3395.5787279453,49.3658922934799,19.0632187817705,11.2240750321148,-4.4717960866192,633
396,969.721653518459,3408.31004816523,55.466127967527,13.5236696484915,13.087570019149,-0.00430767816851628,690
397,2385.08069072678,3406.8470191925,38.590759746939,6.87442347424827,7.19650745129563,-0.162400592188909,522
398,3374.41779893747,3411.89234445347,64.5249807014538,12.681007024012,15.4899107214116,-0.973796785476371,753
399,3013.38300737472,3417.51799259816,77.9775954095334,12.9996444662114,13.8909460808249,-2.01060330081613,1156
400,1965.47791099473,3435.19010125516,102.456658010403,14.5089989050983,13.413610897058,2.07204760483702,1362
401,2019.13264619269,3444.61000493529,64.0097925954706,14.8111893439831,13.3189062028306,-3.1200647822417,819
402,2583.9831584539,3465.56086316431,137.626830123262,13.9561071663278,20.0842971819011,-1.50409425251385,1513
403,1869.50739455972,3460.85509632554,48.489475533271,14.2089830797813,10.0693037360482,-1.57736198436096,653
404,2670.58635591566,3469.52836187526,327.593430210749,15.0249792451203,15.1822119988826,1.54689266670164,3403
405,549.174398266525,3449.1197790761,3337.79139654851,20.8749265891704,21.5439238155439,-2.30696855140004,12097
406,1347.08911959541,3472.7978010845,266.903066768587,15.8309076310829,16.173392645816,2.59122297471719,2047
407,1838.5860154263,3487.54387662652,231.615649342268,13.565526805514,14.7660275435334,0.38450773338834,1936
408,2792.3177171371,3509.47067919373,49.2327515717643,11.9927528303023,12.0881703401274,0.545606770554813,646
409,3120.36983247174,3524.64003389893,90.3587725737448,12.5648198135717,12.0137329796048,-0.383731151162408,931
410,2646.77378957316,3527.51542140094,71.9015194155291,20.9312682563787,11.7836068963146,0.388558114463376,956
411,108.571524010293,3544.03411952003,276.112519234354,15.2427757865579,14.6721142730859,1.97779250271496,2162
412,1650.05633639586,3553.0342186386,223.431075437293,14.4874758811912,15.5781100238922,0.972458396077423,1789
413,2171.06419888058,3550.66632292737,97.6357280188686,13.5251242876034,12.6778971692506,-0.995046762953045,1420
414,2006.04715121811,3563.86682328601,137.942061341717,14.8488312197316,15.6854163269416,-0.00437137284961909,1300
415,3482.26616097655,3562.35935569408,365.409096405343,21.9061789079621,16.426674515439,0.164947118458894,3340
416,737.051813691899,3574.01162690237,62.4924221350322,10.5302116831167,15.3819444396833,-1.43422463142582,743
417,4145.84274461346,3589.99815454299,236.639412741988,13.4847185163349,18.4356668495853,1.85023658424803,1901
418,3055.53241779205,3598.30128070674,108.165253875142,15.9331786359945,15.7006598848252,3.10960278169261,1190
419,3139.70184992456,3613.14257604969,80.1452694915555,21.1139120327456,13.7928138141617,-2.58813253267776,981
420,962.20720841881,3614.09911559222,46.9696903775175,7.20317213021489,7.62634554045208,-0.0491718823432984,564
421,1281.95430971557,3636.68999565144,101.340481704245,22.3219116485177,23.7590814477538,-6.74125803064243,1039
422,3330.05429483728,3637.93425472517,100.648481753617,18.135365922579,13.5274257328327,-0.621542991297303,1255
423,3613.19716721788,3638.50567829249,69.729758230258,12.3198187565695,11.7637441807804,-0.63983396692558,1250
424,1477.95436791884,3657.44249929582,44.4650126043216,8.92807928364638,9.48285381473969,0.199886246748098,596
425,283.765992018566,3675.64278339539,695.455593123246,15.4195560025361,15.9864342151043,-1.52890703385966,3752
426,3239.22785890897,3665.42802734924,41.409362261138,9.41170330069764,12.1652982226891,-1.74662818153619,596
427,1616.10361250838,3667.58495020502,39.1837144585143,10.2448268399672,7.97666819000248,-0.0292800238251871,543
428,533.743037985834,3677.64022768366,135.901311464611,14.5671662056521,18.3283475242321,-0.329415997468994,1383
429,1089.57430139408,3675.59505033372,96.4590654927676,16.7887520268118,12.8759164300997,-1.22933909449046,1065
430,186.937167836821,3691.99039891167,83.7780117632437,17.7147132536739,21.0690215673543,-5.69023993095022,957
431,2599.87498823448,3693.49524229499,105.282791111071,17.1243457023646,11.6321170450071,0.693008173825852,1466
432,825.421979529943,3697.66354843216,36.3569562415596,8.55447547595989,8.7487845945077,-0.0758086242090707,519
433,3111.46915032567,3710.25794505948,161.300361827662,19.6488192532358,16.756981431861,-4.53120645118459,2452
434,2149.89035807857,3715.05379157204,65.5797393603563,12.6201659886752,14.2340498074282,0.223368145660934,842
435,2931.24224684229,3709.37140680215,52.8331510914818,18.5447923519613,10.9375418233826,-0.784949416670297,742
436,2251.50906506955,3722.34051665978,54.9602159903036,12.8084970426604,15.2503661716385,-0.100249191181252,736
437,576.013833184682,3758.6286231181,163.752426138883,15.2120535331916,20.3264188712533,2.57267866898111,2415
438,3788.43250359612,3757.30977245673,60.0194573614376,18.2600518147313,12.3404754598814,1.76158078218432,856
439,2328.18492327154,3767.12606701982,1852.50218766904,16.7294666708793,16.0381965677672,-2.29937180061649,6511
440,4091.96989072718,3757.44371967202,39.9798500327415,9.27497613194931,10.5929965080253,-0.314454548875405,640
441,3363.67983595288,3763.96333802136,63.1840850080937,26.0053047896938,14.9549855027154,-4.41374794510901,972
442,3444.58103452706,3792.33387250053,1253.14711714751,14.0598568934014,16.8320886534976,-0.337245673382986,4950
443,1855.45951460175,3802.80077641955,591.394732624074,17.0675789337071,19.242439583281,3.98885586541165,3505
444,102.739992604372,3802.7347702299,84.8823582262734,15.5837438887363,13.736601362067,0.727568140518411,1026
445,624.864564270875,3807.45681892606,204.871917396533,17.5585879605969,17.3102206729274,1.0120980514053,1885
446,527.971587375678,3806.72502489005,50.7939769206904,14.9777783442892,13.6127756132512,3.14306948405756,731
447,1499.98979977153,3816.43011221277,1193.13515471795,18.4743873453996,13.8171710820515,0.564707437917341,6391
448,4045.03331052944,3789.13392778076,358.995071426034,14.1872904573094,14.7645165147706,-1.16646712714258,3089
449,2359.09183009512,3831.27938040891,61.4769472140397,14.5637198785932,14.5096223371657,0.671782229410567,922
450,4131.37064546573,3828.86782109457,41.0652920515563,7.66377837751281,11.5471924550189,-0.255849742601962,576
451,742.41359842082,3853.68964447302,55.8312643251605,10.7001836366526,18.9774596763836,0.624642699300877,802
452,1000.76608543979,3849.80368076863,78.9923271981247,12.6762495713491,16.5108870902928,2.35534967538537,906
453,2756.35706591547,3863.10105897343,121.50395765383,16.886581579058,13.9615350003475,-0.218023264148044,1174
454,3694.11149748758,3868.98096454003,104.707260943532,14.6619337958209,15.4952303077011,-0.948934468271773,1161
455,3950.93448370726,3887.35044591214,84.8419490997169,14.279293616466,17.9418225171176,3.32886791583361,1377
456,1156.01540812312,3874.18852027866,54.3589802033025,13.9593326614348,12.6208224667827,-0.497046424947161,694
457,1835.03479590402,3880.70933048536,42.4490911243915,8.27290442822142,7.44410987584955,-0.0489190688701838,560
458,2059.98458851349,3890.49147574668,59.1058893631462,13.8561251198885,17.4583314893988,-1.38928118633139,2217
459,1649.68094221011,3908.70009768701,60.8053973605543,12.654216915789,20.1135679576188,0.46211484448227,1511
460,1519.81182110706,3924.04976543158,110.056866964352,15.1487799219383,13.4196840365464,-1.55606814014138,1360
461,4079.71950498302,3927.62371968235,101.405098507815,15.0983834314853,11.3516992672881,0.529288726194303,986
462,2742.44148867627,3948.49365002821,64.3739239768865,13.3798839459938,17.9968538507781,-1.47503188761543,1014
463,577.615365124099,3948.31137286626,58.6247620189972,13.3770968486218,12.1464270357151,-0.0869299102048269,769
464,3800.06138443921,3961.80580503369,87.581294306452,49.3589740026579,14.1501072931291,-8.09684003190599,1031
465,1058.07761886689,3978.02668467132,202.690701268389,12.7425317505755,12.9918635979814,-0.128560866644224,1851
466,2680.29456138372,3995.80499280097,294.500052040232,14.7168761289457,13.0030242634897,-0.850993020039812,1876
467,682.396164254783,3995.69014867424,40.9840401037809,9.50068068524041,9.36864217269018,0.703854505284034,560
468,1338.9607641589,3980.83330886773,191.339825453756,23.5739013031468,16.1953236412973,2.99793143481669,2223
469,736.842295734771,4000.87443624128,59.442151194281,13.7606299350858,14.7049526795666,-0.175813125560816,801
470,2504.51285752254,3999.69358235992,48.2228286869105,8.26872042738975,8.13409178544569,0.386454280213593,585
471,1809.04149630424,4006.37305113952,48.8933328668754,9.38534940116723,11.1396202160156,-0.823634859837219,2306
472,2418.49254644654,4016.87406296174,46.3722518434668,9.80174174788877,8.72737610288284,-0.231676210988472,591
473,961.502958341241,4026.66841236296,51.5939672204438,13.098914729978,15.5022578955606,0.101808406643312,738
474,1947.99016578448,4061.61900297857,85.3523093607157,13.8433325273214,17.8746149528552,-0.845444614273851,1414
475,2225.4423494642,4068.20436623186,207.562263148542,20.9862626187595,13.2306845994586,-1.36554371665606,2461
476,2899.08276734756,4073.30887799664,160.552680362444,17.6314485552013,13.4044830645495,-3.20333729710153,1566
477,3299.92174414011,4094.13291485165,115.326233961618,19.6041440014251,9.51660165399391,-0.530319978708238,867
